Id,NAME,ADDRESS,CITY,STATE,ZIP,LAT,LON,PHONE,REVENUE,UTILIZATION
74ab949d-17ac-3309-83a0-13b4405c66aa,Fitchburg Outpatient Clinic,881 Main Street,Fitchburg,MA,01420,42.586487,-71.80521,978-342-9781 Or 978-342-9781,0.0,113
588f6ce6-b8db-3588-8189-29db2680a313,BOSTON HEALTH CARE FOR THE HOMELESS PROGRAM INC,461 WALNUT AVE,JAMAICA PLAIN,MA,021302331,42.311587599999996,-71.09800136347226,8576541550,0.0,35
faffaf6a-ee1a-3673-b0b0-421a9c249244,ACTIVATED BY WELLNESS LLC,66 WASHINGTON ST,STOUGHTON,MA,020722571,42.14415820061801,-71.10378319512402,6178719807,0.0,20
e09d4c49-c2ef-3b0f-9a46-3719d9219306,UMASS MEMORIAL HEALTHALLIANCE CLINTON HOSPITAL INC,60 HOSPITAL RD,LEOMINSTER,MA,014533290,42.54031915,-71.76312990486304,9784662000,0.0,92
e76b5eb0-0c9d-3593-b5da-3c0e9a97bb96,VA Boston Healthcare System  West Roxbury Campus,1400 VFW Parkway,West Roxbury,MA,02132,42.2793,-71.1657,617-323-7700,0.0,101
ef5390b4-cba5-3d83-96db-af783a7adb43,MERRIMACK VALLEY HOSPICE INC,360 MERRIMACK ST,MALDEN,MA,021482329,42.4250964,-71.066163,9785524000,0.0,1
77645e49-3f69-3d1d-bb93-dc65210e2fac,SOUTHCOAST HOSPITALS GROUP INC,363 HIGHLAND AVE,FALL RIVER,MA,027205246,41.7093779,-71.1460783680883,5086793131,0.0,28
6fafb5d4-ecca-37ab-8d24-53036a8cbf1e,GUARDIAN HOME HEALTH CARE  LLC,320 WEST CENTER STREET  2ND FLOOR,WEST BRIDGEWATER,MA,02379,42.016080599999995,-71.02601589317304,5085885811,0.0,2
ab701a70-a658-340e-8f69-ee196a7d40c6,CAREWELL URGENT CARE CENTERS OF MA  PC,484 RTE 134,WORCESTER,MA,016071728,42.2625621,-71.8018877,5086947901,0.0,4
71472d9b-aa5c-3b49-a5c3-d0eee8859015,BOURNE FAMILY MEDICINE PC,118 WATERHOUSE RD STE C,BOURNE,MA,025328305,41.7281115,-70.5861571324252,5087430899,0.0,29
8a2e2731-3240-39d1-b4f0-cad14200937d,MORTON HOSPITAL  A STEWARD FAMILY HOSPITAL  INC.,88 WASHINGTON ST,TAUNTON,MA,027802465,41.9062805,-71.09518121351795,6174194772,0.0,76
52ecddd8-42f6-35cc-88a5-cf474c02fb49,LIFE CARE CENTER OF PLYMOUTH,94 OBERY STREET,PLYMOUTH,MA,023602130,41.93725,-70.65503160208334,5087479800,0.0,1
667b46fe-0afa-3f70-a311-bbe3d52db050,URGENT CARE CENTERS OF CENTRAL MASSACHUSETTS LLC,757 BOSTON POST RD,WORCESTER,MA,016071728,42.231371,-72.165386,6173024194,0.0,1
5d4da50c-8593-304f-b266-57d8f7d634a2,WELLMAN HEALTHCARE GROUP INC,250 SHEARER ST,PALMER,MA,010691428,42.168634600000004,-72.33353526811578,4132838361,0.0,1
fa09396a-2926-3b21-ad0c-9f6cabbce0eb,WOONSOCKET URGENT CARE PC,1210 BOSTON PROVIDENCE TPKE,NORWOOD,MA,020625061,42.1714075,-71.1951186,4017662700,0.0,2
2e1eaaf1-ebb0-332c-8921-f48e15b91879,ALLIANCE HEALTH AT MARINA BAY,2 SEAPORT DRIVE,QUINCY,MA,021711599,42.29287335,-71.03019020136307,6177695100,0.0,7
c272e12f-e154-3fee-b05d-b7c0cab2657d,STEWARD NORWOOD HOSPITAL INC,800 WASHINGTON ST,NORWOOD,MA,020623487,42.1886973,-71.2005241,7817692950,0.0,39
b66db758-a205-3227-9cfb-bf19d2c1962d,ART OF CARE INC,121 HARVARD AVENUE  2ND FL,ALLSTON,MA,021342702,42.35241825,-71.13220132573996,6177877799,0.0,12
32fcdfba-8c93-30f4-b15b-dd3b65c29deb,ELAINE CENTER AT HADLEY,20 NORTH MAPLE STREET,HADLEY,MA,010359715,42.3615107,-72.55261320852942,4135845057,0.0,9
0ddb0329-b59d-3187-874c-602c649249c8,BAYSTATE NOBLE HOSPITAL CORPORATION,115 W SILVER ST,WESTFIELD,MA,010853678,42.1178811,-72.75935246865802,4135682811,0.0,100
609ec9f1-e806-3427-b912-9e3b2915521d,HOLYOKE VISITING NURSE ASSOC,575 BEECH STREET,HOLYOKE,MA,010406604,42.20105435,-72.628169560868,4135345691,0.0,5
bff65303-97b4-3841-950a-1c9e9e735de0,SOUTHPOINTE REHAB CENTER LLC,100 AMITY ST,FALL RIVER,MA,027212202,41.6737661,-71.16934217317342,5082353600,0.0,4
bf556284-7513-3620-a10e-5393183a9a87,STEWARD ST. ANNES HOSPITAL CORPORATION,795 MIDDLE ST,FALL RIVER,MA,027211733,41.6924092,-71.16345107025307,5086745600,0.0,275
4ffa4412-1493-3beb-b8f0-6614dde953a4,SOUTHCOAST HOSPITAL GROUP  INC,363 HIGHLAND AVENUE,WAREHAM,MA,025715011,41.745636,-70.658192,5086793131,0.0,30
ede4a423-6258-3ef5-b5ba-0fa6bb579563,COMMUNITY HEALTH CONNECTIONS,326 NICHOLS ROAD,FITCHBURG,MA,014205478,42.5974358,-71.80761197366103,9788788100,0.0,55
a14e698d-a9ba-3eae-9c8b-682ec726433d,LYNN URGENT CARE LLC,776 WESTERN AVE,LYNN,MA,019052408,42.466763,-70.9494939,6178939901,0.0,14
d4b9a3f0-210d-3e46-a2c7-e099658ac543,NEWBRIDGE ON THE CHARLES SKILLED NURSING FACILITY,7000 GREAT MEADOW ROAD,DEDHAM,MA,020264090,42.266408549999994,-71.19518435636284,7812349660,0.0,9
4c1a8ea6-b690-3c28-a02e-ebd82190ee65,SOUTH COVE COMMUNITY HEALTH CENTER  INC,885 WASHINGTON ST,BOSTON,MA,021111415,42.3479909,-71.064924,6174827555,0.0,12
5ba6765a-f335-36b0-9c6a-6bb494c5330d,URGENT CARE MEDICAL ASSOCIATES  LLC,31 OLD ROUTE 7,WESTWOOD,MA,020902333,42.2139873,-71.2244987,2038850808,0.0,2
b6eeaaf7-1683-3bcb-b6ee-81ce304636ef,MELROSEWAKEFIELD HEALTHCARE  INC,170 GOVERNORS AVE,MELROSE,MA,021763225,42.4564323,-71.064182,7819793050,0.0,520
1c42af32-f17e-32ec-b007-4ff8e2de493e,GOOD SAMARITAN MEDICAL CENTER,235 NORTH PEARL STREET,STOUGHTON,MA,020723396,42.1004556,-71.0668392,5084273000,0.0,51
65eda534-1bdc-3192-8d02-1c3764447790,PERSONAL PHYSICIANS HEALTHCARE PC,1244 BOYLSTON ST,CHESTNUT HILL,MA,024672115,42.3214927,-71.1711481,6177310058,0.0,123
d613e441-68e8-3502-8adb-3f770a1276bf,PALMER FAMILY SERVICES LLC,114 WATER ST,MILFORD,MA,017573007,42.13661855,-71.53474614336832,5084782008,0.0,56
de29a374-221b-3cb4-8051-a02c1a35e5b7,FAMILY MEDICINE ASSOCIATES OF SOUTH ATTLEBORO  P.C.,562 WASHINGTON ST,SOUTH ATTLEBORO,MA,027036942,41.912892049999996,-71.36135809627689,5087615650,0.0,54
b0b89e26-30e3-35d4-af87-29fb529579cf,CLIFTON HOSPICE SERVICES  LLC,391 HANOVER ST,FALL RIVER,MA,027205432,41.71019285,-71.14377103194548,5086757583,0.0,2
ff6d901b-6850-378b-87d0-97a8c499aa43,ADVANTAGE HEALTH & WELLNESS INC,935 WASHINGTON ST,NORWOOD,MA,020623411,42.18396765,-71.2037844209652,7817696791,0.0,17
d3085315-9893-34c7-8889-3a31dc17c2b0,WALPOLE MEDICAL CENTER  PC,1428 MAIN ST STE 7,WALPOLE,MA,020811729,42.1325911,-71.2618886,5086686600,0.0,38
1faab3d1-2ae5-3110-8e5f-c65b92ca906d,FAIRVIEW HOSPITAL,29 LEWIS AVE,GREAT BARRINGTON,MA,012301713,42.19093125,-73.3715000043024,4135280790,0.0,51
76281d34-caff-30e0-8545-bcdf33182109,CLIFTON REHABILITATION NURSING CENTER,500 WILBUR AVENUE,SOMERSET,MA,027252051,41.72075205,-71.16843052114558,5086757589,0.0,11
b3ada130-6443-3a8e-98c7-4ec127a2b0c4,LIFE CARE CENTER OF ACTON,ONE GREAT ROAD,ACTON,MA,017205601,42.4850931,-71.43284,9782639101,0.0,14
7489f6e0-fee6-3fff-90b6-444868eb907c,ABBOTT HOME HEALTH CARE  INC,1 KIDDIE DRIVE  SUITE 106,AVON,MA,023221182,42.130150349999994,-71.05720685110387,7813440344,0.0,3
6cf8a214-8d57-3267-85e5-7719e15cd63e,LEMUEL SHATTUCK HOSPITAL,170 MORTON STREET,JAMAICA PLAIN,MA,021303735,42.299067750000006,-71.10124351911541,6175228110,0.0,143
b4e81d20-a3d6-39db-8b04-bcc4ab5de7b2,EDWARD M KENNEDY COMMUNITY HEALTH CENTER INC,354 WAVERLY ST,FRAMINGHAM,MA,017027079,42.276938650000005,-71.41386787587439,5083700113,0.0,64
0fedae9f-701f-3317-9b2f-69aea2202cdc,BOSTON MEDICAL CENTER CORPORATION-,88 EAST NEWTON STREET,WINTHROP,MA,021522715,42.3750976,-70.982827,6176388000,0.0,174
86bbc3aa-e927-3d56-9d77-ab701b4b2926,FALL RIVER JEWISH HOME  INC,538 ROBESON STREET,FALL RIVER,MA,027205496,41.707225,-71.1432141111111,5086796172,0.0,54
a3327df4-d092-350b-b551-e60c82076c9a,WEST BROOKFIELD FAMILY PRACTICE,46 NORTH MAIN ST,W BROOKFIELD,MA,015853232,42.23754835,-72.13791547215251,5088678977,0.0,57
aade280a-3b90-3e48-9648-91109a964a63,AP MEDICAL LLC,909 SUMNER ST,DARTMOUTH,MA,027473826,41.6332267,-70.9879928,5089715190,0.0,331
e59fb2d5-508c-38c6-af2e-21d8216dd2b0,BAYSTATE MEDICAL CENTER,759 CHESTNUT ST,WARE,MA,010821625,42.256476,-72.237482,4137940000,0.0,94
7a3b8310-02eb-3c47-aa1b-3f55b3ed9de9,ON CALL URGENT CARE  LLC,6 HATFIELD ST,NORTHAMPTON,MA,010602545,42.333172950000005,-72.6566355591273,4135847425,0.0,4
0f9d1260-db33-3483-b2b6-5483cfcb739c,ENHANCED MEDICAL CARE  LLC,361 WOODWARD ST,WABAN,MA,024682027,42.326011949999994,-71.2254251580706,6177774080,0.0,86
980d9bfa-a344-3bff-8c02-232dd0e8fd34,EDEN HOME HEALTH CARE LLC,100 TRADE CENTER SUITE G-700,WOBURN,MA,018011851,42.4792618,-71.1522766,7812025401,0.0,30
f480acd0-7ef1-350d-aae6-d8e7d53ace57,MANET COMMUNITY HEALTH CENTER  INC.,1193 SEA ST,QUINCY,MA,021693544,42.26883395,-70.95264075087945,6174718683,0.0,90
440fa4b8-c731-3cf5-81d9-aa3f30a37b95,LAHEY HOSPITAL & MEDICAL CENTER  BURLINGTON,41 & 45 MALL ROAD,PEABODY,MA,019602901,42.5278731,-70.9286609,7817445100,0.0,287
a1434ca1-a1ac-3884-abc7-fc4c35cc8b68,LIBERTY COMMONS,390 ORLEANS ROAD,NORTH CHATHAM,MA,026501154,41.700306363636365,-69.96549390909091,5089454611,0.0,13
0fab3c4e-a028-39a6-b15a-be5a88b6aa2a,ENCOMPASS HEALTH REHAB HOSPITAL OF WESTERN MASS,222 STATE STREET,LUDLOW,MA,010563437,42.15547415,-72.47222226666076,4135897581,0.0,168
3b021cb6-4745-3d9d-8436-230055f770bd,BETH ISRAEL DEACONESS HOSPITAL-NEEDHAM  INC.,148 CHESTNUT ST,NEEDHAM,MA,024943238,42.27728075,-71.23665362814043,7814533000,0.0,45
ce53c877-0290-390a-b4b4-2462001a1713,CIRCLE HOME,847 ROGERS STREET  SUITE 201,LOWELL,MA,018524345,42.6275246,-71.27673639687623,9784599343,0.0,14
57e4e5fa-d68d-3caa-a5ad-37beb1b51207,STEWARD NORWOOD HOSPITAL INC,800 WASHINGTON ST,NORWOOD,MA,020623487,42.1886973,-71.2005241,7812784120,0.0,16
c92cc255-6778-3307-8092-987d667be4ce,SALEM FAMILY HEALTH CENTER,89 FOSTER ST,PEABODY,MA,019608925,42.5278731,-70.9286609,9785324903,0.0,70
b8421363-9807-3b16-a146-95336eea5cfb,COOLEY DICKINSON HOSPITAL INC,30 LOCUST ST,NORTHAMPTON,MA,010602052,42.33032115,-72.65330802608176,4135822000,0.0,347
8424b5ec-ba0a-32e9-94ae-a9d397884093,GENTLE HOME CARE SERVICES,49 BLANCHARD STREET  SUITE 101,LAWRENCE,MA,018431456,42.69651155,-71.1612176954981,9782588479,0.0,17
24460683-f514-37ef-98c1-724b2fc9aa2a,THE COMMONWEALTH OF MASSACHUSETTS,60 HODGES AVE,TAUNTON,MA,027803034,41.91158935,-71.10129620180315,5089773110,0.0,47
1563fcb4-76a9-3ea4-863d-e276f38b9b3e,GREATER LAWRENCE FAMILY HEALTH CENTER INC,700 ESSEX STREET,LAWRENCE,MA,018414396,42.7020708,-71.17231,9786892400,0.0,34
901c2d40-1ca3-3879-9a20-c663b8adc0a9,TUFTS MEDICAL CENTER,800 WASHINGTON STREET,STONEHAM,MA,021802445,42.4863168,-71.0928919,6176365000,0.0,121
70d5bbef-3c05-3318-b9d7-003dc8fbb8cf,MARIAN MANOR  INC.,33 SUMMER ST,TAUNTON,MA,027803479,41.9005416,-71.08895606814966,5088224885,0.0,1
22249c0a-8ce9-3726-a3bb-b037c773ce5c,BOSTONIAN NURSING CARE & REHABILITATION CTR  THE,337 NEPONSET AVENUE,DORCHESTER,MA,021223103,42.2875144,-71.0470691675753,6172652350,0.0,5
7a75decf-7d3f-3b0d-8c2b-3abf0a8c7f58,NEW ENGLAND PROFESSIONAL HOME HEALTH CARE LLC,169 LIBERTY ST,MIDDLETON,MA,019491003,42.615226050000004,-71.0144865346162,(978) 406-1327,0.0,28
46a09a29-4bda-3572-89dd-5def154669ed,REVOLUTION AT SARAH BRAYTON PLACE LLC,4901 N MAIN ST,FALL RIVER,MA,027202080,41.758923100000004,-71.11356439219409,5086751001,0.0,1
2f735290-1603-31b5-b561-7c8e0d413170,BL HEALTHCARE INC DELEWARE,100 FOXBOROUGH BLVD STE 230,FOXBOROUGH,MA,020352878,42.041851949999995,-71.23486657070565,5085434150,0.0,6
27bf2e46-7445-35e7-9106-3ce1b074db47,LIFE CARE CENTER OF MERRIMACK VALLEY,80 BOSTON RD,NORTH BILLERICA,MA,018621034,42.5871093,-71.2948553,9786672166,0.0,2
e1818b21-4458-3b9c-b2b8-7ed6f57ae078,LIFE CARE CENTER OF WILBRAHAM,2399 BOSTON ROAD,WILBRAHAM,MA,010951185,42.14668485,-72.45048427046072,4135963111,0.0,2
8d110f42-6f75-3751-b0c5-b45ab08333a1,MORTON HOSPITAL,88 WASHINGTON ST,TAUNTON,MA,027802465,41.9062805,-71.09518121351795,5088287000,0.0,555
200746fc-5d0f-3ec7-a2a9-3d9a219ee139,COMPASSIONATE CARE HOSPICE,800 CUMMINGS PARK  SUITE 3100,WOBURN,MA,018016355,42.4977745,-71.1237712,7819355550,0.0,14
d6600c68-8a26-3a88-86e2-99517365c10a,New Bedford Outpatient Clinic,175 Elm Street,New Bedford,MA,02740,41.635937,-70.92991,508-994-0217,0.0,803
f2068cee-c75c-321d-9b2c-c33535db89c9,CARING HEALTHCARE SERVICES LLC,32 BOSSI AVE,RANDOLPH,MA,023682002,42.20017865,-71.0582074,6172300787,0.0,30
9b1f8cd0-2246-3f4f-82df-23ea314c7665,LOWN ACQUISITION LLC,800 ESSEX ST,LAWRENCE,MA,018414617,42.70162725,-71.1755487945157,7818262393,0.0,1
655f2a4f-419c-39d3-8ed6-6c4117eb7e32,NORTH READING INTERNAL MEDICINE PC,21 MAIN ST,NORTH READING,MA,018641326,42.566971949999996,-71.10799861135133,9782760100,0.0,62
118e081c-c2f2-35cd-b9c3-ef534f1b7830,BEAR MT READING LLC,1364 MAIN ST,READING,MA,018671137,42.55581805,-71.10585713492983,7819421210,0.0,1
5018c664-e283-30eb-932a-529d9a19b3b5,FIRST PSYCHIATRIC PLANNERS  INC,300 SOUTH ST,WOBURN,MA,018014979,42.473347,-71.144086,6174690300,0.0,109
2e8b42f8-4300-30a9-a576-d513d1021a0a,GREATER LOWELL FAMILY PRACTICE PC,600 CLARK RD,TEWKSBURY,MA,018761699,42.63120935,-71.27023603178071,9784538446,0.0,53
d140ed3f-2696-3e78-bd77-1c959ec4fc4d,HATHAWAY MANOR EXTENDED CARE,863 HATHAWAY ROAD,NEW BEDFORD,MA,027401916,41.6512968,-70.9669902070805,5089966763,0.0,44
bccd7d67-203c-3d93-b6b0-bff5a146cd1d,CARECENTRAL URGENT CARE MEDICAL GROUP PC,286 WASHINGTON ST,STOUGHTON,MA,020721763,42.1384306,-71.1022598,7813412800,0.0,8
63cb4d95-04a9-3a35-b5d9-f89e0377a48d,STURDY MEMORIAL HOSPITAL INC,211 PARK ST,ATTLEBORO,MA,027033143,41.9419187,-71.2752081695297,5082368110,0.0,2
263d1b03-1560-3fc3-b93d-c33a0cbd5837,HOSPICE SERVICES OF MASSACHUSETTS,10 RIVERSIDE DRIVE  STE 201,LAKEVILLE,MA,023471689,41.8771119,-70.92344635,5082910049,0.0,26
0d24cc89-3256-330c-b36d-d8de8babef84,CAPE COD HEALTHCARE PHYSICIANS,1030 FALMOUTH RD,SOUTH YARMOUTH,MA,026641218,41.6667779,-70.1847414,5087784777,0.0,70
19a65317-5d32-355e-8f82-88933d48366d,LAKEVILLE FAMILY MEDICINE PC,5 PRECINCT ST,LAKEVILLE,MA,023471468,41.8455651,-70.95195924208448,5089476666,0.0,55
9d0e702d-50a0-3f4c-9126-0951d560fd4b,NEW ENGLAND REHABILITATION SERVICES OF CENTRAL MASSACHUSETTS INC,189 MAY ST,WORCESTER,MA,016024339,42.25986305,-71.83597786023279,5087916351,0.0,147
c656d426-a307-372e-85f4-add29b4f178b,VMD PRIMARY PROVIDERS OF RHODE ISLAND PC,174 ARMISTICE BLVD STE A,FALL RIVER,MA,027212367,41.7010642,-71.1546367,4017530500,0.0,86
c7542447-e06e-32cb-b6db-243c23a0dbc2,FRANCISCAN HOSPITAL FOR CHILDREN INC,30 WARREN ST,BOSTON,MA,021353602,42.3501483,-71.14393324457691,6172543800,0.0,523
50c47685-8125-3c50-8311-8bd7ba9e9108,BOSTON MEDICAL CENTER CORPORATION-,4199 WASHINGTON ST,ROSLINDALE,MA,021311733,42.2871447,-71.1277526,6173234440,0.0,31
8bf5325a-c11b-35c4-b07d-17a5aeba8353,BEACON HOSPICE  AN AMYEDISYS COMPANY,815 WORCESTER STREET,SPRINGFIELD,MA,011511001,42.1018764,-72.5886727,4132051229,0.0,14
46375470-1e20-3ddc-8dc5-010ba53826b6,BAYSTATE WING HOSPITAL CORPORATION,40 WRIGHT ST,PALMER,MA,010691138,42.16934095,-72.34120457065711,4132837651,0.0,41
aba3e6f6-4562-342e-b90f-dd61b117f394,MEDICAL EXPRESS URGENT CARE CENTER CO INC,438 CHESTNUT STREET,SPRINGFIELD,MA,011072008,42.11291091861002,-72.59692685125127,4137811100,0.0,25
a4b91172-69e7-3895-bd89-b9a0868de5c2,DARTMOUTH PRIMARY MEDICINE  LLC,651 ORCHARD ST,NEW BEDFORD,MA,027441052,41.6149879,-70.93113851963673,5089945300,0.0,14
47fb5a56-bee5-3ecd-9958-706b20831c82,BETH ISRAEL LAHEY HEALTH AT HOME,600 CUMMINGS CENTER  SUITE 270X,WOBURN,MA,018016356,42.4792618,-71.1522766,9789212615,0.0,3
eee00932-ca82-36bc-b7e8-e3fff6dbaeaa,DANA FARBER CANCER INSTITUTE,450 BROOKLINE AVE,WEYMOUTH,MA,021893141,42.2212188,-70.9391625,6176323000,0.0,14
50c7f768-9138-3dae-a67d-953bdf9ad754,NIGHTINGALE VISITING NURSES,125 COUNTY STREET,TAUNTON,MA,027803561,41.8960599,-71.07799243944345,5089670761,0.0,4
6f90eaad-abe3-3ce0-b9a6-2031c5674f0d,MYHOME HEALTHCARE PLLC,800 TURNPIKE ST STE 300,NORTH ANDOVER,MA,018456156,42.66074825,-71.10724143845708,9783877087,0.0,60
065eba51-cef7-3976-8654-ba8e7df887ce,HOSPICE OF THE FISHER HOME,1165 NORTH PLEASANT STREET,AMHERST,MA,01002,42.40927615,-72.52971238527101,4135490115,0.0,8
a06b1a97-d6ce-3ea1-ba4a-2ef85a8114ab,APPLE VALLEY CENTER,400 GROTON ROAD,AYER,MA,014321171,42.57821195,-71.5733060441645,9787721704,0.0,15
6873525f-1680-3ceb-b536-270d44b46e2e,UPHAMS CORNER HEALTH COMMITTEE INC,500 COLUMBIA RD,DORCHESTER,MA,021252322,42.3147979,-71.067633,6172878000,0.0,22
f8918a95-31e8-3ac4-8d12-29ca6080ebda,BETH ISRAEL DEACONESS HOSPITAL MILTON INC,199 REEDSDALE RD,MILTON,MA,021863926,42.251368299999996,-71.0768393856917,6173131214,0.0,144
8d5880eb-1dd8-31ea-b7c5-21709f3bb341,MELROSE INTERNAL MEDICINE ASSOC PC,50 ROWE ST,MELROSE,MA,021763201,42.4592093,-71.06078096379728,7819793800,0.0,95
70e3ad4f-b9ff-3f3e-9990-2cd7e23a9d1c,HEALTH-MD URGENT CARE,1238 RIVERDALE ST,WEST SPRINGFIELD,MA,010894675,42.1373438,-72.62624707492338,4135043507,0.0,13
dd280187-8662-3732-af81-595d10572911,4499 ACUSHNET AVENUE OPERATING COMPANY  LLC,4499 ACUSHNET AVE,NEW BEDFORD,MA,027454707,41.74026055,-70.9450945705336,5089956900,0.0,850
a6964d47-8af0-3df2-b99d-d8414eb1cfa3,ARBOUR-FULLER HOSPITAL,200 MAY ST,SOUTH ATTLEBORO,MA,027035520,41.924394750000005,-71.36076410900014,5087618500,0.0,392
dae3ee01-f383-366e-9ad6-dc92963064ea,MERCY MEDICAL CTR,1233 MAIN ST,HOLYOKE,MA,010405381,42.16578055,-72.63389634691956,4135365111,0.0,39
dac75bc1-cbfa-306b-9a0a-88d5edf3638d,BRIGHTON HOUSE REHABILITATION & NURSING CENTER,170 COREY ROAD,BRIGHTON,MA,021358244,42.3433093,-71.14003855124017,6177310515,0.0,22
63b4f233-fb49-3b1e-a17c-2d572367b131,GERMAN CENTER FOR EXTENDED CARE,2222 CENTRE STREET,WEST ROXBURY,MA,021324034,42.27370345,-71.15856364656862,6173251230,0.0,18
92d919ab-8380-3fda-a5f1-838e69b819c1,ZANJABEE INTEGRATIVE MEDICINE AND PRIMARY CARE LLC,300 TRADECENTER STE 4750,WOBURN,MA,018017420,42.4994143,-71.161659,4019525488,0.0,30
af3871c3-2098-3051-bcb7-8a919e194a16,HEALTHCARE SOUTH PC,97 LIBBEY PKWY,WEYMOUTH,MA,021893110,42.19322885,-70.94589987654936,7818032786,0.0,8
0319f6d9-60a3-36ac-9f26-b782d7997b1c,ARLINGTON FAMILY PRACTICE PC,22 MILL ST,ARLINGTON,MA,024764738,42.4177455,-71.1579688,7816464345,0.0,29
a2cc09de-c1e2-3126-8c09-d49f95225281,CHILDREN'S HOSPITAL CORPORATION,300 LONGWOOD AVE,WALTHAM,MA,024532741,42.3756401,-71.2358004,6173554831,0.0,103
44cb1162-a345-3477-8723-c202a3c8cdcd,HOPKINTON MEDICAL CARE  P.C.,73 W MAIN ST,HOPKINTON,MA,017481619,42.21799145,-71.54005509979045,5084356900,0.0,75
f341c366-8313-3790-ab26-d8d27b116ff5,WAYSIDE YOUTH & FAMILY SUPPORT NETWORK,80 LINCOLN STREET,WALTHAM,MA,024535465,42.39322121170625,-71.24104146434591,5086200010,0.0,22
f312977e-8f41-3816-84cc-e5b12ba36955,BRIGHAM AND WOMEN'S FAULKNER HOSPITAL  INC.,1153 CENTRE ST,JAMAICA PLAIN,MA,021303446,42.3017598,-71.12855793387442,6179837470,0.0,27
4ffc4e4b-9d8d-3c30-ad84-fc9a7209da94,OAKS  THE,4525 ACUSHNET AVENUE,NEW BEDFORD,MA,027454727,41.74080975,-70.94731021257817,5089987807,0.0,9
bebc1dac-6c42-3225-b0ba-23278cdf2a62,MEMORY SUPPORT OF HERITAGE HALL,464 MAIN STREET,AGAWAM,MA,010011826,42.07695165,-72.62026217030348,4137868000,0.0,2
5a6fa8a5-90e2-3f70-bb3e-3d9dd7ad2f96,CHICOPEE REHABILITATION AND NURSING CENTER LLC,44 NEW LOMBARD RD,CHICOPEE,MA,010204857,42.1678446,-72.54203576723424,7189740266,0.0,2
e69e7cbb-8362-30d1-83f2-3a0c492fe2b1,PLYMOUTH CARVER PRIMARY CARE  P.C.,110 LONG POND RD,PLYMOUTH,MA,023602642,41.9255829,-70.65514326847389,5087467272,0.0,28
d13ac855-c068-3b57-8d65-fc3c90f32558,PLEASANT BAY OF BREWSTER REHAB CENTER LLC,383 SOUTH ORLEANS ROAD,BREWSTER,MA,026312870,41.738964949999996,-70.00124453922743,7812550531,0.0,2
9e469108-97a0-350a-b6ba-be2a286b3dcc,METRO WEST REHAB CORP,150 FLANDERS RD,WESTBOROUGH,MA,015811017,42.2770724,-71.5679154706427,5088712000,0.0,10
06cc2462-430f-3322-9c87-7e971125f510,EMERSON HOSPITAL,133 OLD ROAD TO 9 ACRE COR,WESTFORD,MA,018863198,42.5792583,-71.4378411,9782873226,0.0,240
2b3f6816-b774-3bb5-8654-915e5f712f9c,1650 WASHINGTON STREET OPERATOR LLC,1650 WASHINGTON ST,WEST NEWTON,MA,024652241,42.34253672934744,-71.23694527065257,6172445407,0.0,1
db106514-f254-3402-b6a4-6d210c78c7e2,JOHN ADAMS HEALTHCARE CENTER,211 FRANKLIN STREET,QUINCY,MA,021697833,42.23691085,-71.00237199954586,6174790837,0.0,3
ee7fab6f-6438-394f-b1f2-3e452f8f055a,BLUEBERRY HILL REHABILITATION AND HEALTHCARE CTR,75 BRIMBAL AVENUE,BEVERLY,MA,019156009,42.570099299999995,-70.87108224250409,9789272020,0.0,5
79508e39-d0b0-3613-9d54-168f6e1c3a18,NASHOBA VALLEY MEDICAL CENTER,200 GROTON ROAD,GROTON,MA,014502056,42.577352149999996,-71.57414587343038,9787849000,0.0,50
1ce0d1a3-b507-3ad1-afc5-b25bfe48b8dc,STOUGHTON PUBLIC HEALTH ASSOCIATION,10 PEARL STREET,STOUGHTON,MA,020722364,42.125716800000006,-71.1025481568314,7813447011,0.0,2
880fad59-9c38-3a21-a39f-ccc801502ab3,SANCTA MARIA NURSING FACILITY,799 CONCORD AVENUE,CAMBRIDGE,MA,021381048,42.390849395521705,-71.1556550001627,6178682200,0.0,5
e34d8448-8b98-3f91-9fe7-faeb8a78e1db,ASSOCIATED INTERNISTS OF RANDOLPH  INC.,NEW ENGLAND SINAI HOSPITAL,MILTON,MA,021862377,42.2501425,-71.065573,7813440600,0.0,37
4887dc20-9ef6-3cc2-9c56-858388049a50,ELIOT CENTER FOR HEALTH & REHABILITATION,168 WEST CENTRAL STREET,NATICK,MA,017604122,42.282113100000004,-71.37898579435048,5086551000,0.0,6
e6d63525-40f0-3391-a58a-e6a03598911f,STANLEY STREET TREATMENT AND RESOURCES INC,400 STANLEY ST,FALL RIVER,MA,027206009,41.7148511,-71.13527009152534,5086751054,0.0,176
fb4a08b8-57ee-382b-b3cb-43d94f1bb4c0,STANLEY STREET TREATMENT AND RESOURCES  INC,1010 SOUTH MAIN STREET,FALL RIVER,MA,027242855,41.690775450000004,-71.16515282264554,5086751054,0.0,125
d0894f6b-78d7-338d-82ad-b63de4d40014,MOUNT AUBURN HOSPITAL,330 MOUNT AUBURN STREET,WALTHAM,MA,02452,42.3756401,-71.2358004,6174923500,0.0,9
0d19a52f-6f9b-32aa-9aad-6b7027cc668e,BERKSHIRE REHABILITATION & SKILLED CARE CENTER,7 SANDISFIELD ROAD BOX 216,SANDISFIELD,MA,012559621,42.1131485,-73.1299243,4132584731,0.0,2
88975fd9-b47e-3af6-af78-c58e1ecf0d5e,BAYSTATE NOBLE HOSPITAL CORPORATION,115 W SILVER ST,WESTFIELD,MA,010853628,42.1178811,-72.75935246865802,4135682811,0.0,41
ba5db88e-396b-39a6-9a0a-e9791bc709b7,BEAR MT ANDOVER LLC,80 ANDOVER ST,ANDOVER,MA,018105606,42.6390425,-71.15835003183432,9784703434,0.0,2
069b90f9-309b-35e4-b990-d1dbacb962cc,MONT MARIE REHABILITATION & HEALTHCARE CENTER,36 LOWER WESTFIELD ROAD,HOLYOKE,MA,010402749,42.16975305,-72.63488031242107,4135386050,0.0,5
4ba48ef6-19f2-3177-bfaf-096daaebf26a,SOUTH SHORE HEALTH CARE INC,275 TURNPIKE ST,BRAINTREE,MA,021845328,42.2064195,-71.005067,7818481950,0.0,47
a2047ff6-62f2-34d7-beb9-7e164d989c75,RECUPERATIVE SERVICES UNIT-HEBREW REHAB CENTER,1200 CENTRE STREET,ROSLINDALE,MA,021311011,42.29768,-71.130463,6173258000,0.0,2
5d0d1d11-dd8a-3d28-b029-93062b6798a5,BEAUMONT AT UNIVERSITY CAMPUS,378 PLANTATION STREET,WORCESTER,MA,016052324,42.27966095,-71.7626143755108,5087557300,0.0,1
dfcd78f1-f67e-321d-84e3-f658c482c474,PLEASANT BAY HEALTH AND WELLNESS CENTER LLC,64 WOODLANDS WAY,BREWSTER,MA,026312550,41.737807,-70.0036669,5082401110,0.0,63
48a6d3ab-50ef-349e-8945-2558a78f378e,SAINT ANNE'S HOSPITAL,795 MIDDLE ST,SWANSEA,MA,027774114,41.730919,-71.208117,5086745600,0.0,74
7b7ce654-a413-37d1-9d34-97240c0ac580,WOONSOCKET URGENT CARE PC,1 WRENTHAM ST,BELLINGHAM,MA,020192532,42.025037350000005,-71.48945118224057,5083184466,0.0,101
93bf4a6b-8fb3-3a1e-9be6-4958736f2bfb,1102 WASHINGTON STREET OPERATOR LLC,1102 WASHINGTON ST,BRAINTREE,MA,021845438,42.19876545530798,-71.00672788298964,(781) 848-3100,0.0,1
f1c6e386-ed52-3f97-a2b0-4e21ad2d0966,TAUNTON MEDICAL CENTER  PC,54 COURT ST,TAUNTON,MA,027803201,41.9028629,-71.09718927122583,5088212500,0.0,30
7b20d1c4-c56b-3647-801c-5e4e13679073,BETH ISRAEL DEACONESS HOSPITAL PLYMOUTH INC,275 SANDWICH ST,PLYMOUTH,MA,023602183,41.94186605,-70.6455366462985,5087462000,0.0,13
3e97ce4f-3ad7-3cea-883f-e2bb4ca89d83,HALLMARK HEALTH URGENT CARE PHYSICIANS LLC,30 NEW CROSSING RD,READING,MA,018673270,42.51809619399502,-71.0959083715027,7812801699,0.0,346
c60fc3df-9dbd-3f31-a456-41c84490266f,BOURNE MANOR EXTENDED CARE FACILITY,146 MAC ARTHUR BOULEVARD,BOURNE,MA,025323902,41.7412166,-70.5989196,5087598880,0.0,2
71d9e7fe-5a34-3f11-8edb-f79c482785fe,EDWARD M KENNEDY COMMUNITY HEALTH CENTER INC,42 CAPE RD,MILFORD,MA,017573292,42.1274477,-71.5195252,8008532288,0.0,28
4f59f709-8b84-3d27-a04b-c6b7b5544413,HILLTOWN COMMUNITY HEALTH CENTERS INC,70 BOLTWOOD WALK,AMHERST,MA,010022271,42.3768779,-72.51840280783739,4132385511,0.0,101
c4e5b33c-17b8-3f51-a8ba-a327d54e642a,PRIMARY CARE MEDICINE AND PEDIATRICS  LLC,94 N ELM ST,WESTFIELD,MA,010852917,42.1322823,-72.7436679,4135621650,0.0,22
36d328a2-68bb-3967-a9bf-00897a7c945f,HANNAH B G SHAW HOME,299 WAREHAM STREET,MIDDLEBORO,MA,023462905,41.869676,-70.873384,5089471184,0.0,1
5225cc87-6a30-303c-a882-5f001cee7f0e,MANET COMMUNITY HEALTH CENTER  INC.,110 W SQUANTUM ST,QUINCY,MA,021712122,42.27259075,-71.03082765,6173763030,0.0,50
79d49935-bcc0-36ca-920b-45365c367438,SOUTH BOSTON COMMUNITY HEALTH CENTER INC,409 W BROADWAY,SOUTH BOSTON,MA,021272245,42.336831,-71.047958,6172697500,0.0,40
0f2c58ec-5323-3c0f-9bdf-af0df7eb2a2b,MARIAN MANOR,130 DORCHESTER STREET,SOUTH BOSTON,MA,021272642,42.3334312,-71.0494949,6172683333,0.0,6
680532c8-2661-3b39-875a-b6ec0746ccf5,CHARLES RIVER COMMUNITY HEALTH  INC,30 ATHOL ST,ALLSTON,MA,021341124,42.36075595,-71.13397379082869,6177830500,0.0,34
51370692-6296-3150-8672-559fc73f964f,BRIGHAM & WOMENS HOSPITAL INC,75 FRANCIS ST,WEST BRIDGEWATER,MA,023791542,42.0219112,-71.019004,6177325500,0.0,47
06376cbe-4880-384b-b459-7ce3eef36ced,HEALTHFIRST FAMILY CARE CENTER INC,387 QUARRY ST,FALL RIVER,MA,027231026,41.6932713,-71.1402431739568,5086798111,0.0,124
b3312a2d-37e9-35a8-b50d-6c165c437baa,DIMOCK COMMUNITY HEALTH CENTER  INC,45 DIMOCK ST,ROXBURY,MA,021191029,42.32030665,-71.09721114916246,6174428800,0.0,6
2836d9ac-c6a6-39d1-8f13-fdf0fc8928f4,TEWKSBURY HOSPITAL,365 EAST ST,TEWKSBURY,MA,018761950,42.6069472,-71.2180803,9788517321,0.0,345
82c72223-f521-3a34-9b9b-4ff366365399,CARNEY HOSPITAL,2100 DORCHESTER AVENUE,QUINCY,MA,021691870,42.2509914,-71.0037374,6175062000,0.0,69
01516bed-cf23-30da-ad4f-967d65529743,BRIGHTER SIDE WELLNESS LLC,67 BRIGHAM ST,NEW BEDFORD,MA,027402211,41.62716045,-70.9414201572985,7742026963,0.0,28
7c625dc4-2593-31eb-95fd-6a912832b8bb,BAYADA HOME HEALTH CARE  INC,980 WASHINGTON STREET  SUITE 124,DEDHAM,MA,020266704,42.228918,-71.18501264023513,6179692600,0.0,4
04b252db-4231-3cb5-963d-6f096fb4b97c,DEDHAM MEDICAL ASSOCIATES URGENT CARE CENTER LLC,1177 PROVIDENCE HIGHWAY,NORWOOD,MA,020625019,42.194543,-71.1994976,7813291400,0.0,9
83579123-f29c-39b8-9f5f-8f79e91683c7,NASH HEALTH CARE PRACTICES LLC,100 CENTURY DR,WORCESTER,MA,016061244,42.3138278,-71.7707002,5083457129,0.0,26
e2eab39c-5195-34aa-b35f-e89e37cfed01,SOUTH SHORE HOSPITAL INC.,55 FOGG ROAD,WEYMOUTH,MA,021893141,42.175539799999996,-70.9539153674405,7813408000,0.0,309
4fa8411f-42f8-3353-8947-bf15254c9dee,GREENWOOD NURSING & REHABILITATION CENTER,90 GREENWOOD STREET,WAKEFIELD,MA,018804039,42.476321150000004,-71.06922169005762,7812460211,0.0,117
1de7e7d9-9a7a-3a3f-bf4c-b4de450711f2,CIRCLE HEALTH URGENT CARE LLC,198 LITTLETON RD,WESTFORD,MA,018863429,42.564282,-71.42620615382347,9783230302,0.0,8
4705a8fd-19cd-32c1-8b3e-34bcfe84d0bd,WELLNESS ON WHEELS PC,55 N WASHINGTON ST,NORTH ATTLEBORO,MA,027601607,41.983529,-71.332241,5083164141,0.0,125
497f39dd-280e-3d58-af5b-c5e3a3a09b10,CAPE COD HOSPITAL INC,27 PARK ST,HYANNIS,MA,026015230,41.65363635,-70.27352219234834,5087711800,0.0,292
f2a6c4f7-f5b2-361a-95c4-3d635b352a46,LIFE CARE CENTER OF RAYNHAM,546 SOUTH STREET EAST,RAYNHAM,MA,027671079,41.8984957,-71.03751432894776,5088215700,0.0,4
578b56de-fe9c-32e1-aea4-876f8bc01e9c,DR JOHN C CORRIGAN MENTAL HEALTH CENTER,49 HILLSIDE STREET,FALL RIVER,MA,027205211,41.707406500000005,-71.14593659462452,5082357600,0.0,901
0d7fd824-1c7b-3f8b-a662-f6c2005e82e1,OVERLOOK MASONIC HEALTH CENTER,88 MASONIC HOME ROAD,CHARLTON,MA,015071394,42.1389039,-71.9782681,5082487344,0.0,3
a525d084-5a8f-3859-a048-2130a4092ec8,BAYADA HOME HEALTH CARE  INC,2 MOUNT ROYAL AVENUE  SUITE 350,MARLBOROUGH,MA,017521976,42.34042135,-71.57841367654626,5088534100,0.0,4
accb8cdd-6560-3fef-b0a6-f12c3295026a,LIFE CARE CENTER OF ATTLEBORO,969 PARK STREET,ATTLEBORO,MA,027035115,41.9266899,-71.2611303145582,5082224182,0.0,8
18a96051-91f4-3cba-af96-056ea14dfee0,ANNA JAQUES HOSPITAL SUBACUTE UNIT,25 HIGHLAND AVENUE,NEWBURYPORT,MA,019503872,42.81369325,-70.89091645747592,9784631056,0.0,5
41e2a44c-477c-3511-96f9-12c476aa3b6a,DR SOLOMON CARTER FULLER MENTAL HEALTH CENTER,85 E NEWTON ST,BOSTON,MA,021183553,42.336277100000004,-71.07085295687423,6176268860,0.0,111
edbb9e9c-3440-3b38-abfc-83a8f0b6bebc,BEAR MT FALL RIVER LLC,273 OAK GROVE AVE,FALL RIVER,MA,027232315,41.70179473202871,-71.13310371798859,5086794866,0.0,4
b44955d1-f0e2-3beb-a013-708a81dbe430,SIGNATURE HEALTHCARE MEDICAL GROUP INC,680 CENTRE ST,WEST BRIDGEWATER,MA,023791600,42.0219112,-71.019004,5089417000,0.0,29
ad2dab07-4f85-3950-baaa-7c7cd2aa770c,UNIVERSITY OF MA MED CTR-ESRD,55 LAKE AVENUE NORTH,WORCESTER,MA,016550002,42.2774799,-71.76166994969458,5088560011,0.0,14
18b1bb7e-2f93-3253-a7ae-d19c13ffeaa1,GARDEN STATE HEALTHCARE ASSOCIATES LLC,29 E 29TH ST,WEST NEWBURY,MA,019854201,42.8014795,-70.989778,2018587394,0.0,13
1d45436f-15a9-326e-a452-2e9ffc9fc5e5,FAMILY MEDICINE ASSOCIATES,75 SPRINGFIELD RD,WESTFIELD,MA,010851832,42.111428849999996,-72.71189899299209,4135625173,0.0,30
0d9b0d22-585e-3fd8-ab02-26b5be7915d1,THE SHRINERS HOSPITAL FOR CHILDREN,516 CAREW ST,SPRINGFIELD,MA,011042330,42.12133575,-72.59217953646302,4137872000,0.0,173
d3335d07-2a2c-35d7-9b87-c022393b6793,VICTORIA HAVEN NURSING FACILITY,137 NICHOLS STREET,NORWOOD,MA,020622009,42.1930792,-71.20868232395514,7817620858,0.0,1
1853aeef-5897-326a-80d6-aa4b0459eb6d,BARRINGTON URGENT CARE PC,381 WICKENDEN ST,ATTLEBORO,MA,027032247,41.9438129,-71.2806515,4014337550,0.0,277
4b7e26e6-e5b1-38c9-b4ac-fde9a0f93177,FATHER BILL'S PLACE,38 BROAD STREET,QUINCY,MA,021694604,42.2560352,-70.99469254391217,8576541706,0.0,5
2ca615f3-87f7-3283-a447-d919a883b676,HANOVER FAMILY HEALTH & URGENT CARE PC,1399 WASHINGTON ST,HANOVER,MA,023391653,42.1441354,-70.8440854,7818290895,0.0,2
ce81052f-7c77-3cd7-8c30-930339a79ceb,BOSTON HEALTH CARE FOR THE HOMELESS PROGRAM INC,363 ALBANY ST,BOSTON,MA,021182503,42.342456,-71.062887,8576541865,0.0,37
80646050-1c76-3046-bbc8-fd5f0b7c34e6,COMMUNITY HEALTH CONNECTIONS  INC,140 ARNHOW FARM ROAD,FITCHBURG,MA,014201369,42.5903661,-71.8119837,9788788100,0.0,14
bb867d36-0c8d-33b4-b19c-a8c026655b6c,THE NORTHEAST HEALTH GROUP  INC,200 KENDALL ST,SPRINGFIELD,MA,011042532,42.12161175,-72.57784860231564,4137374756,0.0,1
3f12ebb4-e03c-3453-88d2-4fc9682383df,NEW BEDFORD INTERNAL MEDICINE & GERIATRICS  LLC,726 COUNTY ST,NORTH DARTMOUTH,MA,027473603,41.6389926,-70.9703171,5089845671,0.0,148
a9fc7aa5-d3b3-314d-9cf7-af29051d3dd9,MANET COMMUNITY HEALTH CENTER  INC AT HOUGHS NECK,1193 SEA STREET,TAUNTON,MA,027803960,41.8946107,-71.11113,6174718683,0.0,2
8ec2ca51-abb4-35dd-b90f-6c6aad6d2124,ALLIANCE HEALTH AT ROSEWOOD,22 JOHNSON STREET,PEABODY,MA,019602311,42.54644385,-70.99288129112277,9785358700,0.0,1
8af3b144-0e1a-3c90-937d-81a4ed026080,NORWOOD HOSPITAL,800 WASHINGTON STREET,NORWOOD,MA,020623489,42.1886973,-71.2005241,7817694000,0.0,2
9fdce5d5-d4d0-3156-a8d5-8757bfe4e9b3,ONE CALL HEALTHCARE PLLC,1 FARMER CIR,ARLINGTON,MA,024742866,42.42405225,-71.16792616556859,6178660789,0.0,55
b3b56527-d366-3353-bca9-266a12f23051,LYDIA TAFT HOUSE,60 QUAKER HIGHWAY,UXBRIDGE,MA,015691628,42.06100105,-71.62352848737622,5082789500,0.0,16
125eccb3-d003-34ea-9bd8-360dff059782,NEW ENGLAND BAPTIST HOSPITAL,125 PARKER HILL AVENUE,DEDHAM,MA,020266146,42.2489143,-71.1755732,6177545800,0.0,44
b242f971-3c74-3778-b148-81366c1e6a3f,WALDEN BEHAVIORAL CARE LLC,10 CAREMATRIX DR,DEDHAM,MA,020266149,42.2270762,-71.17237295563174,7816476700,0.0,186
e92dad8b-f485-315a-8fc4-1d7adfdc9c00,NORTHEAST BEHAVIORAL HEALTH LLC,581 FAUNCE CORNER RD,DARTMOUTH,MA,027471242,41.676111381167445,-70.98788528176077,5082079800,0.0,826
aad05540-c9cb-3805-b3c4-f9b9d9b42b2e,RIVER'S EDGE PRIMARY CARE LLC,821 E MAIN ST STE 3,CHICOPEE,MA,010206306,42.155774795300516,-72.55672263289513,4136956774,0.0,175
2e73956a-942f-36f3-b88c-f88e782e578f,COMPASSUS - SOUTHERN MASSACHUSETTS,790 TURNPIKE STREET  SUITE 202,NORTH ANDOVER,MA,018456138,42.661547049999996,-71.10774565195425,9787778222,0.0,6
19a3afba-b409-3650-a0ab-f3faf6e391ef,ASSOCIATED PHYSICIANS OF HARVARD MEDICAL FACULTY PHYSICIANS AT BETH IS,199 REEDSDALE RD,WALTHAM,MA,024511433,42.3756401,-71.2358004,6176964600,0.0,22
76b7dbb5-0a02-32a4-9a01-3511f7e45016,CARDIGAN NURSING & REHABILITATION CENTER,59 COUNTRY WAY,SCITUATE,MA,020663746,42.1806871,-70.74862935148246,7815459477,0.0,2
25c85bcc-7e25-36bc-89e8-08e0d473db23,A&A HEALTHCARE LLC,138 S MAIN ST STE 14,MILFORD,MA,017573272,42.1270746,-71.51639128815474,5082414877,0.0,75
c9aabcbd-d4e0-391f-8980-d0be6934ea82,VIGILANT FAMILY HEALTH CLINIC  INC.,340 PLEASANT ST,BROCKTON,MA,023013236,42.08764334999999,-71.03287346676532,8579918438,0.0,38
d9b71ccf-6649-3555-9e99-44eac0af257f,SERENITY HILL NURSING CENTER,655 DEDHAM ST,WRENTHAM,MA,020931135,42.084901,-71.30689224201797,5083843400,0.0,19
e68de1a0-767e-3466-b9a6-43948ee073d3,GOOD SHEPHERD COMMUNITY CARE,160 WELLS AVENUE,NEWTON,MA,024593302,42.29337605,-71.19806353028767,6179696130,0.0,3
2fb77691-5353-358a-bc94-90af77dd654b,NASHOBA VALLEY MEDICAL CENTER  A STEWARD FAMILY HOSPITAL INC,200 GROTON RD,AYER,MA,014321168,42.577352149999996,-71.57414587343038,9787849000,0.0,158
cbebae9e-f95e-3d2c-9712-289ea8d6aeec,ARBOUR HOSPITAL  THE,49 ROBINWOOD AVENUE,QUINCY,MA,021698130,42.2509914,-71.0037374,6175224400,0.0,4
1cec4304-9757-3a10-ad4f-7e2090c56131,UMASS MEMORIAL MEDICAL CENTER INC,55 LAKE AVE N,WORCESTER,MA,016550002,42.2774799,-71.76166994969458,5083340254,0.0,23
ad482681-b4c4-3fce-ac59-78c83d31b0ba,BEAR MT FRANKLIN LLC,130 CHESTNUT ST,FRANKLIN,MA,020383903,42.08345955,-71.38413379825735,5085284600,0.0,4
78cd7edb-2df6-34da-b463-5f9eb15cf862,OVERLOOK VISITING NURSE ASSOCIATION  INC,1 WEBLY ROAD,YARMOUTH PORT,MA,026752000,41.7020544,-70.249465,5089908160,0.0,16
471f7ca2-38f8-3080-8109-187c73ec0b1f,SALEM FAMILY HEALTH CENTER,27 CONGRESS ST,SALEM,MA,019707308,42.518722068313224,-70.88940635956651,9787448388,0.0,42
a5577e5c-b886-37a0-8eee-8ff6feb7ea6b,MOUNT AUBURN HOSPITAL,330 MOUNT AUBURN ST,CAMBRIDGE,MA,021385502,42.3741033,-71.13417575971958,6174923500,0.0,65
5581e43d-0463-3a0b-afc7-a60aea5ac96c,GREATER LAWRENCE FAMILY HEALTH CENTER INC,57 RIVER RD,ANDOVER,MA,018101144,42.69112645,-71.19636086287642,9786868521,0.0,82
7fc42341-ad5f-3c6c-94f3-4afaa0f8a028,BAYADA HOME HEALTH CARE INC,368 FAUNCE CORNER RD,DARTMOUTH,MA,027476249,41.6633564,-70.99152756769953,5089941003,0.0,44
ce9c1582-994d-32bf-835c-474a249d2804,KINDRED AT HOME,275 MARTINE STREET  SUITE 104,FALL RIVER,MA,027231500,41.68393816525316,-71.1220830626733,5086720675,0.0,51
e7722de2-0e62-3dc9-a163-a7003956673b,SEASONS HOSPICE & PALLIATIVE CARE OF MASS LLC,1 EDGEWATER DRIVE  SUITE 103,NORWOOD,MA,020624669,42.16153305,-71.20162617190071,8666709449,0.0,6
9b8a7a25-b923-3710-9f3c-d42919a3f54f,COMPASSIONATE CARE INTERNAL MEDICINE  LLC,146 MAIN ST,MAYNARD,MA,017542651,42.4309786,-71.4552968,9788230023,0.0,35
62b55e5b-b58f-354d-8f2d-f2a330bc619e,UMASS MEMORIAL HEALTHALLIANCE CLINTON HOSPITAL INC,201 HIGHLAND ST,CLINTON,MA,015101037,42.42738865,-71.69329092351188,9783683000,0.0,89
966245ce-e84d-36b0-a838-2e0b5bb2e668,MATTAPAN COMMUNITY HEALTH CENTER,1425 BLUE HILL AVENUE,MATTAPAN,MA,021262122,42.2754929,-71.09384131587021,6172960061,0.0,1
58d6127e-ee48-37c3-9f2d-dcd3c050fb25,HILLTOWN COMMUNITY HEALTH CENTERS INC,73 RUSSELL RD,HUNTINGTON,MA,010509777,42.2244752,-72.8709216,4136673009,0.0,28
9dbd44ba-59b2-3d1d-ac91-3880af8081d2,INTEGRATIVE FAMILY MEDICINE ASSOCIATES,529 MAIN ST STE B,ACTON,MA,017203965,42.4878132338563,-71.43046999422496,9786351800,0.0,28
35eba9db-902f-32e6-b302-0e5ef8fa5c68,THE NORTHEAST HEALTH GROUP  INC,66 BROAD ST,WESTFIELD,MA,010852927,42.1165587,-72.74727440058362,4135625464,0.0,1
4eddfa13-f996-3048-9bbc-541b0a29038a,STEWARD ST ELIZABETHS MEDICAL CENTER OF BOSTON INC,736 CAMBRIDGE ST,BRIGHTON,MA,021353601,42.348649949999995,-71.14799584850206,6177893000,0.0,60
845fbd9b-2d1c-39a8-8261-28ae40e4fab2,MILFORD REGIONAL MEDICAL CENTER,14 PROSPECT STREET,UPTON,MA,015681431,42.1700209025178,-71.59409308099494,5084731190,0.0,1266
9ce6072b-d039-3cde-8eaf-950211b8ae88,MIDDLETON FAMILY MEDICINE URGENT CARE  LLC,147 S MAIN ST,MIDDLETON,MA,019492446,42.585787222720036,-71.00861442427218,9787742555,0.0,17
af8566eb-8918-3ec7-ba44-92b6a2cf8097,NORTH SHORE MEDICAL CENTER INC,81 HIGHLAND AVE,SALEM,MA,019702714,42.5112107,-70.90516241826194,9787410522,0.0,185
d1d4d104-68cb-356b-9086-888de7d2826f,Framingham Outpatient Clinic,61 Lincoln Street  Suite 112,Framingham,MA,01702,42.28348,-71.41845,800-865-3384,0.0,16
058176fd-cbb0-328b-8411-c19f5045032d,EXCEL CENTER FOR NURSING AND REHAB AT LEXINGTON,840 EMERSON GARDENS ROAD,LEXINGTON,MA,02420,42.43761961817366,-71.19888753880475,7818618630,0.0,8
a036cdf2-bbc5-3ffd-987f-56e437fd8b74,WINDSOR NURSING & RETIREMENT HOME,265 N MAIN ST,SOUTH YARMOUTH,MA,026642083,41.680980000000005,-70.18292625685085,5083943514,0.0,10
2fbb592e-2154-3a4d-856e-467d7ba5bed7,FAIRVIEW HOSPITAL,780 MAIN ST,GREAT BARRINGTON,MA,012302148,42.17823835,-73.36310566431717,4135288643,0.0,39
4f5e8f16-a31b-3071-8556-d7188ede313d,HOLYOKE MEDICAL CENTER INC,575 BEECH ST,HOLYOKE,MA,010402223,42.20105435,-72.628169560868,4135342805,0.0,88
f90ef475-defe-363d-a926-573b38f804a2,PRIMARY CARE FOR ADULTS PLLC,54 HOPEDALE ST,HOPKINTON,MA,017481672,42.2288875,-71.5196439,5084738373,0.0,25
071a898d-3535-39fd-bf61-d33301aacd04,TRANQUIL MIND & WELLNESS,104 CHARLES ELDRIDGE RD,LAKEVILLE,MA,023471370,41.8459353,-70.9494854,5089471683,0.0,88
a25107f7-f4f5-36fc-98e4-f3e1b5875c91,MASS GENERAL BRIGHAM URGENT CARE LLC,1285 BEACON ST,WOBURN,MA,018012157,42.4979478,-71.1684508,6177516205,0.0,3
0e6c3ad1-24c1-34cb-bb6d-e8438fa319e2,URGENT CARE OPERATIONS PC,50 DODGE ST,SWAMPSCOTT,MA,019071300,42.4699241,-70.9171507,9789222171,0.0,9
3695125c-c052-3ece-898a-2a6448987ae5,URGENT CARE SPECIALISTS  P.C.,2040 BOSTON RD STE 5,WILBRAHAM,MA,010951380,42.150295650000004,-72.47288272264812,4135993800,0.0,1
05fcf001-ab24-3d7d-85f7-f64942d82738,ENCOMPASS HEALTH BRAINTREE HOSPITAL OF BRAINTREE,250 POND STREET,FRAMINGHAM,MA,017014592,42.2838619,-71.4093719,7818485353,0.0,64
7e6db51f-7c1b-3555-9e1c-6269ba6d704d,ACCLAIM HOME HEALTH CARE  INC,120 STAFFORD STREET SUITE 206,WORCESTER,MA,016031461,42.239638,-71.8443785891577,5084596937,0.0,15
83769f98-fff3-3535-8781-6ace5957136f,SOUTHSHORE HEALTH CARE CENTER,115 NORTH AVENUE,ROCKLAND,MA,023702129,42.13496385,-70.92237824494691,7818783308,0.0,4
05cd3fbb-08ce-38bf-b680-721a3e902d43,PODIATRIC HEALTHCARE PC,9 WARREN CT,SALEM,MA,019703163,42.51586993877551,-70.90514912244899,9787441309,0.0,31
0e3a24c3-b772-3059-b3fd-8a4710068a82,LAKESIDE FAMILY PRACTICE,416 BROADWAY,RAYNHAM,MA,027671737,41.940680799999996,-71.07864352196617,5088285020,0.0,94
28d71598-85eb-3a0e-90c1-22e0be1af57c,PARADIGM HEALTHCARE  PC,38 MULBERRY ST STE 204,NORTHAMPTON,MA,010602832,42.35436315,-72.70256804599192,4133550761,0.0,53
e5d50afe-8c7d-35f5-96f5-fb8941403b0f,VMD PRIMARY PROVIDERS MASSACHUSETTS PLLC,125 S CLARK ST STE 900,FALL RIVER,MA,02722,41.74223,-71.129706,3124657900,0.0,56
48a07866-e8d7-3268-aa3c-ca3237c8e6f3,BOSTON PAIN CLINIC & PRIMARY CARE PC,188 PROVIDENCE ST,HYDE PARK,MA,021361861,42.2682551,-71.12174592925336,6173612166,0.0,28
25431f9a-00e4-36d8-9810-4125328eec50,THE GENERAL HOSPITAL CORPORATION,55 FRUIT ST,WALTHAM,MA,02451,42.3756401,-71.2358004,6177262000,0.0,66
7cd7fc5c-3fa7-3b6e-b3c9-0dbaec2a3470,HOLYOKE HEALTH CENTER INC,505 FRONT STREET,CHICOPEE,MA,010133140,42.14871685,-72.59756969862315,4134202222,0.0,48
01bde980-bf89-3138-8912-7360dff33247,LE & CHANG FAMILY URGENT CARE PC,456 PARK AVE,WORCESTER,MA,016101254,42.25512735,-71.82580924803523,5086851517,0.0,4
217cb6f6-e822-3831-9d9d-ffa104971042,ENCOMPASS HEALTH REHABILITATION HOSP OF NEW ENGLAN,2 REHABILITATION WAY,WOBURN,MA,018016003,42.46352265,-71.161925472006,7819355050,0.0,167
18d2c9c2-4b92-3664-9b8e-419aff3ce942,ALLIANCE HEALTH AT BRAINTREE,175 GROVE STREET,BRAINTREE,MA,021847253,42.19127375,-70.99279579751581,7818482050,0.0,1
121b0ad1-1beb-3caa-9271-3d3f726bb727,PATRIOT URGENT CARE PROFESSIONALS PC,1030 MAIN STREET,WALTHAM,MA,024517447,42.375828,-71.2527956,7818946900,0.0,20
db60692f-cbef-315b-9fce-38a7f015c482,SOUTH SHORE PRIMARY CARE PC,72 SHARPE STREET,SCITUATE,MA,020664534,42.1939754,-70.7697128,7813312010,0.0,22
883f57b8-89c6-3dc4-b6da-047705c88623,SOUTHCOAST HOSPITALS GROUP INC,363 HIGHLAND AVE,FALL RIVER,MA,027203703,41.7093779,-71.1460783680883,5086793131,0.0,14
0a2252ba-33de-322f-8f0a-e5b0141f1780,HARVARD STREET NEIGHBORHOOD HEALTH CENTER,632 BLUE  HILL AVENUE,DORCHESTER,MA,021213213,42.2941088,-71.0885355,6178253400,0.0,42
4f029aea-a3f7-3429-a477-45cfe183c3f9,RIVER TERRACE REHABILITATION AND HEALTHCARE CTR,1675 NORTH MAIN STREET,LANCASTER,MA,015232405,42.4761132,-71.6873032,9783654537,0.0,2
f6ba791e-fe68-3596-bef4-60751db6a60e,VNA & HOSPICE OF GREATER MILFORD,37 BIRCH STREET,MILFORD,MA,017575501,42.1424349,-71.48943173357203,5084730862,0.0,24
2fc3d86d-4194-3ad1-bb8a-99d5d34119a1,QUINCY PRIMARY HEALTHCARE PC,300 CONGRESS ST STE 203,QUINCY,MA,021690907,42.2345525,-71.01493330273374,6174811771,0.0,18
9f368e75-397f-3d77-a317-9a005512a4e2,EASTERN & WESTERN MEDICAL CENTER PC,381 PARK AVE,WORCESTER,MA,016101026,42.2583962,-71.82204240042036,5087923200,0.0,66
95f6c328-96dd-3fb8-a56e-9aad566094b4,EXCEL HOME CARE SERVICES INC,4 STONY HILL ROAD,WILBRAHAM,MA,010951027,42.1552861,-72.48384800788648,4135832005,0.0,9
485ae27b-c5ba-3fd0-9a16-c9eea20be185,KINDRED  HOSPICE,275 MARTINE STREET  SUITE 202,FALL RIVER,MA,027231518,41.68393816525316,-71.1220830626733,5086720580,0.0,30
19f958ef-57cf-33c1-b068-14b32a980813,DRACUT FAMILY HEALTHCARE,155 BROADWAY RD,DRACUT,MA,018262754,42.67578279999999,-71.29320171860073,9784580475,0.0,55
da2e8443-a0d6-3e87-b651-e2697615f4b5,NEWTON-WELLESLEY INTERNISTS  P.C.,2000 WASHINGTON ST,NEWTON,MA,024621624,42.332192250000006,-71.24597794166553,6179645020,0.0,45
91808f17-7583-32a3-aa55-23b131b327c7,SOUTH SHORE CENTER FOR WELLNESS LTD,200 CORDWAINER DR,NORWELL,MA,020611671,42.16352995,-70.8846291501739,7818788340,0.0,59
76baa51d-0d0f-359d-a07b-7b999a43d42e,PATHWAYS HEALTHCARE LLC,101 STATION DR STE 240,WESTWOOD,MA,020902336,42.20728361922244,-71.15698168263435,6174819077,0.0,35
02d7b144-352f-3eac-97db-6fc4a95bf1fa,LASELL HOUSE,120 SEMINARY AVENUE,AUBURNDALE,MA,024662650,42.34002614299451,-71.24911543639162,6176637000,0.0,13
4d780f61-40cc-3bcb-822b-cb51d398966f,MARY'S MEADOW AT PROVIDENCE PLACE,5 GAMELIN ST,HOLYOKE,MA,010404080,42.1642525,-72.63755321877633,4134202500,0.0,1
53f086de-2fc7-3d35-92c2-aca4ed944e7f,LAWRENCE GENERAL HOSPITAL,1 GENERAL ST,LAWRENCE,MA,018412961,42.7097143,-71.15007700778098,9786834000,0.0,267
20f63278-6709-3195-b767-782d2a10bd5c,NEVILLE CENTER AT FRESH POND FOR NURSING & REHAB,640 CONCORD AVENUE,CAMBRIDGE,MA,021381116,42.389222000000004,-71.14799280677965,6174970600,0.0,2
ac0fde88-b0ad-3388-a4a8-b8fc2a4f4af2,NEW ENGLAND SINAI HOSPITAL,150 YORK STREET,STOUGHTON,MA,020729105,42.144646800000004,-71.09875876961266,7813644850,0.0,18
d70d47dc-b40c-3a04-8342-35cbfe716409,SENIOR HEALTHCARE ASSOCIATES INC,83 LITTLEFIELD RD,NEWTON,MA,024593010,42.3104327,-71.18883283411856,7816421859,0.0,54
0592d4e5-a0fb-3143-83cd-8e5a6b066a96,SOUTH SHORE PRIMARY AND URGENT CARE LLC,20 EAST ST,HANOVER,MA,023391638,42.1278249,-70.82664947485381,7815610460,0.0,39
612fb151-095d-3d11-942b-5907216f4dbb,GREATER LAWRENCE FAMILY HEALTH CENTER INC,34 HAVERHILL ST,LAWRENCE,MA,018412884,42.71186535,-71.15197382279813,9786896683,0.0,11
7b5bf0fc-c5c0-3f22-980b-fdfff326a9b4,WOONSOCKET URGENT CARE PC,40 CUMBERLAND AVE,NORTH ATTLEBORO,MA,027604445,41.9316677,-71.35407469790115,7812550500,0.0,2
14036728-b721-3e4b-8755-8ee8ab6ed15e,LONGFELLOW PRIMARY CARE  PC,625 MOUNT AUBURN ST,CAMBRIDGE,MA,021384518,42.375351,-71.1468628,6174924545,0.0,57
